,title,price,link
0,Godox CB17 - Trolley For AD1200 PRO,£84,/godox-cb17-trolley-for-ad1200-pro-3066937/
1,Godox CB17 - Trolley For AD1200 PRO,£84,/godox-cb17-trolley-for-ad1200-pro-3066937/
2,Rotolight Anova Flight Case,£232,/rotolight-anova-flight-case-1646186/
3,Godox CB18 Bag For Battery Of AD1200Pro,£25,/godox-cb18-bag-for-battery-of-ad1200pro-3070087/
4,Godox CB-05 Carrying Bag For Studio Flashes,£35,/godox-cb-05-carrying-bag-for-studio-flashes-3070085/
5,Godox CB-05 Carrying Bag For Studio Flashes,£35,/godox-cb-05-carrying-bag-for-studio-flashes-3070085/
6,Godox CB-05 Carrying Bag For Studio Flashes,£35,/godox-cb-05-carrying-bag-for-studio-flashes-3070085/
7,Bowens BW-6000 Twin Head Backpack,£48,/bowens-bw-6000-twin-head-backpack-1762296/
8,Westcott Background Storage Bag,£21,/westcott-background-storage-bag-3069703/
9,Godox TL-60 Case,£19,/godox-tl-60-case-3009729/
10,Profoto Kit Bag S Plus,£225,/profoto-kit-bag-s-plus-1656300/
11,Calumet Background Support Carry Bag,£13,/calumet-background-support-carry-bag-1698913/
12,Profoto Softlight Reflector Case,£275,/profoto-softlight-reflector-case-1739847/
13,Godox CB-12 - Bag For AD600 PRO,£49,/godox-cb-12-bag-for-ad600-pro-3066936/
14,Aputure MT Pro Waterproof Pouch,£16,/aputure-mt-pro-waterproof-pouch-3117129/
15,NanLite Waterproof Bag For Pavotube II 6C,£9,/nanlite-waterproof-bag-for-pavotube-ii-6c-3067027/
16,NanLite Pavotube II 15X Waterproof Tube,£55,/nanlite-pavotube-ii-15x-waterproof-tube-3066911/
17,Godox Bag For AD200Pro,£17,/godox-bag-for-ad200pro-3070089/
18,Profoto Core Backpack II,£250,/profoto-core-backpack-ii-3238002/
19,Godox CB17 - Trolley For AD1200 PRO,£84,/godox-cb17-trolley-for-ad1200-pro-3066937/
20,Godox CB11 Bag For Ad400Pro,£28,/godox-cb11-bag-for-ad400pro-3070086/
21,Manfrotto Pro Light Tough-47F Hard Case,£125,/manfrotto-pro-light-tough-47f-hard-case-3078259/
22,Manfrotto Pro Light Tough-47F Hard Case,£125,/manfrotto-pro-light-tough-47f-hard-case-3078259/
23,Manfrotto Pro Light Tough-47F Hard Case,£125,/manfrotto-pro-light-tough-47f-hard-case-3078259/
24,Hedler Light Stand Bag,£99,/hedler-light-stand-bag-1527373/
25,Manfrotto Skylite Rapid Bag,£30.95,/lastolite-skylite-bag-1008951/
26,Elinchrom BRX / BXRi Tube Bag,£36,/elinchrom-brx-bxri-tube-bag-1593915/
27,Tecpro Felloni LED Soft Case,£127,/tecpro-felloni-led-soft-case-1580131/
28,Godox AK-R18 Case,£9,/godox-ak-r18-case-3228643/
29,Profoto Pro Monolight Duo Kit Case,£139,/profoto-pro-monolight-duo-kit-case-3166400/
30,Olympus LC-60.5GL Lens Cover for PEN E-PL7 - Light Brown,£19,/olympus-lc-605gl-lens-cover-for-pen-e-pl7-light-brown-1559502/
31,Harlowe Bag for SOL5 and Tabletop Tripod,£59,/harlowe-bag-for-sol5-and-tabletop-tripod-3233137/
32,Harlowe Bag for SOL5 and Softbox,£59,/harlowe-bag-for-sol5-and-softbox-3233136/
33,Manfrotto Pro Light Rolling Lighting Organiser LW-99W V2,£464,/manfrotto-pro-light-rolling-lighting-organiser-lw-99w-v2-1658614/
34,Aputure MC 4-Light Wireless Charging Case,£166,/aputure-mc-4-light-wireless-charging-case-3117126/
35,Manfrotto Pro Light Card Holder,£26.95,/manfrotto-pro-light-card-holder-3192891/
